timestamp,temperature,humidity,wind_speed,pressure,solar_irradiance
1672511400000,18.32,37.05,1.83,101.28,4.3966
1672597800000,18.14,38.78,1.8,101.27,4.5079
1672684200000,17.74,41.05,2.17,101.29,4.4791
1672770600000,16.67,35.14,3.31,101.31,4.6553
1672857000000,17.09,42.78,3.23,101.32,3.9542
1672943400000,20.23,51.66,2.6,101.33,3.2311
1673029800000,22.14,55.25,2.0,101.28,3.8222
1673116200000,21.77,47.69,1.57,101.19,4.4345
1673202600000,21.05,40.88,1.48,101.3,4.597
1673289000000,21.9,43.31,1.27,101.19,4.5677
1673375400000,21.78,37.47,1.63,100.89,4.6877
1673461800000,21.56,60.88,1.96,100.65,4.2295
1673548200000,18.21,34.5,1.6,100.85,4.8221
1673634600000,16.29,28.65,2.01,101.05,4.9711
1673721000000,15.97,25.0,2.16,100.93,5.2625
1673807400000,15.95,22.21,1.8,100.9,5.2296
1673893800000,16.73,21.75,2.02,100.95,4.9615
1673980200000,18.16,22.61,2.21,101.02,5.0182
1674066600000,20.01,27.25,2.02,100.88,4.8859
1674153000000,20.46,29.68,1.61,100.8,4.8458
1674239400000,18.68,29.0,1.94,100.93,4.7328
1674325800000,17.56,33.1,2.07,100.91,4.8334
1674412200000,16.66,38.44,2.03,100.85,4.3819
1674498600000,16.31,42.98,1.78,100.85,4.1059
1674585000000,16.75,30.04,2.4,100.96,4.7983
1674671400000,17.13,21.11,2.68,101.04,4.5134
1674757800000,19.14,30.54,3.08,100.99,4.1146
1674844200000,22.42,40.44,2.13,100.67,4.1177
1674930600000,22.56,56.35,1.56,100.45,2.8363
1675017000000,20.66,47.03,1.55,100.91,4.207
1675103400000,19.52,40.13,3.04,101.16,4.9654
1675189800000,19.51,35.67,2.95,101.15,5.5951
1675276200000,20.09,26.62,2.45,101.06,5.5596
1675362600000,20.83,25.67,2.07,101.01,5.6935
1675449000000,22.06,22.96,1.84,100.83,5.7235
1675535400000,22.52,22.39,1.62,100.69,5.6616
1675621800000,22.36,30.64,1.67,100.7,5.4504
1675708200000,22.83,32.1,1.58,100.72,5.6834
1675794600000,23.14,20.11,1.64,100.81,5.7974
1675881000000,24.48,19.61,1.5,100.73,5.6906
1675967400000,23.29,37.31,1.87,100.75,5.7962
1676053800000,22.6,50.87,1.8,100.92,5.5762
1676140200000,23.62,27.22,2.21,101.12,5.8006
1676226600000,22.04,14.54,2.0,101.16,6.1462
1676313000000,23.73,12.92,1.63,100.99,6.0276
1676399400000,25.81,16.91,1.87,100.8,6.0842
1676485800000,26.22,18.48,2.07,100.82,6.1085
1676572200000,26.53,16.1,1.77,100.86,6.1963
1676658600000,26.74,18.09,1.71,100.82,6.3158
1676745000000,27.78,15.05,1.35,100.77,6.2839
1676831400000,26.98,12.8,1.52,100.67,6.1778
1676917800000,24.37,38.82,1.82,100.74,6.1212
1677004200000,25.61,42.27,1.68,100.71,5.7226
1677090600000,25.62,38.37,1.65,100.74,6.139
1677177000000,25.97,21.77,1.72,100.85,6.2359
1677263400000,25.76,21.76,1.41,101.0,6.2074
1677349800000,26.02,15.09,1.31,101.06,6.4495
1677436200000,26.56,15.69,1.43,100.97,6.3674
1677522600000,27.48,17.15,1.1,100.9,6.1886
1677609000000,28.49,17.99,1.09,100.98,5.8279
1677695400000,29.18,18.36,1.11,101.07,5.7406
1677781800000,29.74,19.83,1.51,101.08,5.5956
1677868200000,30.1,20.75,1.35,101.06,5.0143
1677954600000,29.93,24.03,1.76,101.06,5.3119
1678041000000,30.0,24.5,1.38,100.86,5.4758
1678127400000,29.3,29.45,1.01,100.87,5.8058
1678213800000,27.99,26.98,1.43,100.92,6.0996
1678300200000,27.19,26.87,1.81,100.96,6.4404
1678386600000,26.71,23.47,1.72,100.9,6.6312
1678473000000,28.38,21.59,1.28,100.79,6.3946
1678559400000,28.89,20.12,1.42,100.75,5.2414
1678645800000,30.45,18.66,1.64,100.61,4.7897
1678732200000,29.92,21.39,1.26,100.43,5.7535
1678818600000,28.54,28.33,1.91,100.32,2.5812
1678905000000,28.4,34.5,1.4,100.39,5.4763
1678991400000,28.3,38.06,1.87,100.44,5.0827
1679077800000,28.04,41.71,1.51,100.34,5.4098
1679164200000,27.5,44.42,1.41,100.24,6.1267
1679250600000,25.96,52.99,2.59,100.17,6.047
1679337000000,26.38,51.22,1.8,100.31,6.109
1679423400000,27.11,47.36,1.6,100.4,6.0091
1679509800000,27.14,48.19,2.06,100.38,6.3487
1679596200000,26.21,52.92,3.24,100.42,6.8316
1679682600000,25.02,49.87,1.8,100.61,6.9576
1679769000000,26.48,40.69,1.9,100.56,6.8172
1679855400000,27.4,36.04,1.79,100.47,6.4896
1679941800000,27.67,31.39,1.63,100.43,6.6679
1680028200000,28.96,35.09,1.91,100.45,5.2248
1680114600000,28.31,42.53,2.75,100.35,5.0297
1680201000000,27.33,45.9,2.37,100.33,6.4474
1680287400000,28.8,43.24,2.28,100.4,6.9206
1680373800000,28.75,40.4,1.77,100.37,7.0454
1680460200000,28.94,39.18,2.7,100.29,7.0798
1680546600000,29.09,45.68,2.01,100.43,6.8986
1680633000000,30.2,33.32,1.72,100.38,6.8064
1680719400000,30.03,28.69,2.06,100.47,7.1033
1680805800000,30.42,21.63,1.76,100.64,4.9704
1680892200000,32.18,19.84,1.36,100.72,7.1062
1680978600000,31.93,21.36,1.38,100.73,7.0046
1681065000000,32.66,23.63,1.32,100.55,6.9295
1681151400000,33.26,23.49,1.8,100.56,6.8738
1681237800000,32.93,26.1,2.61,100.56,6.9929
1681324200000,32.23,28.38,2.08,100.5,5.3263
1681410600000,32.48,28.91,2.36,100.43,6.7757
1681497000000,32.12,33.36,2.28,100.38,7.3618
1681583400000,31.97,30.05,2.22,100.3,7.5139
1681669800000,32.78,30.46,2.07,100.32,7.2
1681756200000,33.83,26.31,2.49,100.44,6.8302
1681842600000,33.18,25.18,2.73,100.2,6.9629
1681929000000,31.36,30.32,2.93,99.96,6.5952
1682015400000,31.21,35.08,2.29,99.95,7.4354
1682101800000,31.69,30.33,2.56,99.99,7.524
1682188200000,31.63,25.2,2.89,100.01,7.2223
1682274600000,30.73,13.76,1.55,100.2,6.8633
1682361000000,32.52,15.65,1.36,100.2,7.2557
1682447400000,32.7,21.61,2.08,100.11,5.983
1682533800000,31.52,39.17,1.88,100.18,6.8947
1682620200000,31.69,38.48,1.72,100.29,5.8246
1682706600000,29.18,46.81,1.11,100.29,3.0401
1682793000000,29.62,46.04,2.09,100.1,6.2383
1682879400000,29.75,43.18,2.46,100.08,6.2873
1682965800000,30.55,46.23,1.96,100.18,6.0526
1683052200000,32.02,42.55,1.27,100.27,6.6218
1683138600000,33.38,35.66,1.27,100.21,6.9101
1683225000000,33.23,38.45,2.1,100.11,6.9581
1683311400000,34.81,34.3,2.5,100.06,5.6294
1683397800000,34.9,33.4,2.32,100.07,7.1431
1683484200000,35.04,28.33,3.13,100.01,7.5948
1683570600000,34.98,26.96,2.41,100.08,7.711
1683657000000,35.01,19.79,2.16,100.06,7.9716
1683743400000,35.69,16.23,2.17,100.05,7.8034
1683829800000,35.81,18.73,2.15,100.05,7.921
1683916200000,35.97,24.21,2.85,100.04,7.7849
1684002600000,35.63,35.11,3.86,99.93,7.6894
1684089000000,34.87,38.84,4.08,99.99,7.1354
1684175400000,34.53,41.86,3.8,100.16,7.1076
1684261800000,34.31,44.9,3.74,100.28,7.7782
1684348200000,34.51,40.55,3.34,100.42,7.6795
1684434600000,35.38,38.44,2.34,100.26,7.5542
1684521000000,35.62,35.13,2.77,100.16,7.2864
1684607400000,35.34,33.17,3.4,100.23,7.385
1684693800000,34.51,38.7,3.29,100.31,7.7285
1684780200000,34.92,39.03,3.69,100.3,7.9519
1684866600000,34.11,48.14,4.75,100.19,7.5955
1684953000000,34.22,47.21,5.27,100.15,6.8923
1685039400000,34.2,48.14,5.6,100.16,6.1783
1685125800000,34.07,48.97,5.14,100.09,6.9319
1685212200000,32.97,54.82,2.96,100.11,5.7005
1685298600000,31.5,56.48,2.04,100.25,6.8537
1685385000000,33.28,42.23,2.46,100.27,6.8762
1685471400000,33.34,38.66,3.77,100.19,7.255
1685557800000,33.26,43.49,3.63,100.11,7.3286
1685644200000,32.57,55.17,3.64,100.12,6.2474
1685730600000,32.24,58.87,2.26,100.07,6.6276
1685817000000,32.26,53.07,1.73,100.11,6.5232
1685903400000,32.59,53.9,2.43,100.01,7.463
1685989800000,33.3,48.5,2.47,99.96,7.2475
1686076200000,33.6,48.58,2.82,99.93,7.3879
1686162600000,34.4,45.39,2.83,99.98,7.435
1686249000000,34.46,42.16,3.35,99.83,7.7918
1686335400000,32.75,57.13,4.04,99.72,7.8046
1686421800000,33.15,58.07,4.41,99.67,7.4806
1686508200000,32.35,59.07,5.19,99.65,7.519
1686594600000,33.08,56.57,6.79,99.65,6.6029
1686681000000,32.73,57.21,6.73,99.73,6.2345
1686767400000,31.84,63.14,7.11,99.71,4.841
1686853800000,30.7,69.62,8.31,99.46,2.3398
1686940200000,29.76,75.45,7.89,99.54,2.443
1687026600000,31.62,66.39,5.81,99.76,4.3351
1687113000000,32.08,60.77,4.39,99.75,4.3752
1687199400000,32.7,59.7,3.56,99.74,6.2722
1687285800000,32.89,56.1,3.59,99.78,6.3002
1687372200000,32.77,55.75,3.4,99.78,5.9808
1687458600000,30.69,62.53,2.7,99.82,5.0645
1687545000000,30.54,62.32,2.57,99.71,4.0968
1687631400000,31.09,60.47,2.62,99.62,3.7118
1687717800000,29.09,72.11,3.12,99.74,3.703
1687804200000,29.41,72.14,2.46,99.66,3.9151
1687890600000,28.93,77.86,2.57,99.73,4.5934
1687977000000,28.35,82.94,2.49,99.68,2.9998
1688063400000,29.09,82.83,3.28,99.6,5.347
1688149800000,28.31,88.64,3.29,99.75,4.3447
1688236200000,29.85,79.08,2.58,99.78,6.1042
1688322600000,30.65,76.26,1.9,99.67,5.9695
1688409000000,31.03,78.16,1.68,99.42,5.6095
1688495400000,29.56,84.09,2.51,99.29,5.4038
1688581800000,29.46,85.12,1.34,99.44,4.6507
1688668200000,29.21,85.35,1.83,99.5,3.3878
1688754600000,28.49,89.23,3.25,99.49,3.7608
1688841000000,27.6,90.86,3.89,99.62,3.1447
1688927400000,27.96,89.1,3.77,99.75,1.2953
1689013800000,28.86,83.83,3.17,99.85,4.7273
1689100200000,29.1,82.91,3.05,99.77,4.296
1689186600000,29.38,81.51,2.74,99.76,5.3782
1689273000000,28.6,83.48,2.38,99.85,4.7666
1689359400000,28.01,86.97,2.78,99.89,5.0378
1689445800000,28.94,82.04,2.71,99.8,5.5603
1689532200000,29.02,81.98,2.53,99.7,4.919
1689618600000,28.89,84.13,3.23,99.55,4.3159
1689705000000,28.07,89.09,3.24,99.39,3.8647
1689791400000,28.97,87.46,2.15,99.37,4.8907
1689877800000,29.39,86.87,1.05,99.53,3.8978
1689964200000,28.32,91.52,3.1,99.58,3.8179
1690050600000,28.23,90.2,2.29,99.45,4.2451
1690137000000,28.65,85.88,2.87,99.51,4.1225
1690223400000,28.73,84.97,3.22,99.73,4.7506
1690309800000,28.41,85.76,2.77,99.9,5.4876
1690396200000,28.6,85.92,3.46,99.89,4.0963
1690482600000,27.61,88.64,4.04,99.87,4.5185
1690569000000,27.86,86.58,3.95,99.85,3.5117
1690655400000,27.92,86.24,3.93,99.76,4.1846
1690741800000,28.28,85.51,4.15,99.66,3.6324
1690828200000,27.96,86.44,4.41,99.68,2.6659
1690914600000,27.94,85.01,4.27,99.74,2.5565
1691001000000,27.34,86.25,3.62,99.71,3.0264
1691087400000,27.43,87.54,3.29,99.81,3.3631
1691173800000,27.08,88.15,2.84,100.03,3.4649
1691260200000,27.48,85.1,3.96,99.9,3.9317
1691346600000,27.5,83.02,4.52,99.73,2.8541
1691433000000,27.61,83.72,4.12,99.8,3.1637
1691519400000,27.88,83.75,3.52,100.07,2.8466
1691605800000,27.92,83.32,3.23,100.15,3.1536
1691692200000,27.66,83.56,2.83,100.16,3.4418
1691778600000,27.22,83.71,3.43,100.09,3.0912
1691865000000,27.39,82.68,4.01,99.88,3.145
1691951400000,27.02,83.61,3.55,99.98,3.5074
1692037800000,26.96,85.07,2.65,100.09,3.6034
1692124200000,27.4,83.18,2.5,100.19,3.623
1692210600000,27.12,82.58,3.13,100.18,3.2378
1692297000000,27.09,82.71,3.08,100.07,4.957
1692383400000,27.07,82.89,2.59,99.95,4.2926
1692469800000,25.96,88.92,3.29,99.93,2.3734
1692556200000,27.02,85.33,2.86,99.95,3.174
1692642600000,27.15,84.64,2.68,99.97,3.2318
1692729000000,27.53,83.04,3.37,99.9,4.0572
1692815400000,27.71,80.38,3.79,99.77,3.929
1692901800000,27.96,81.73,3.12,99.78,4.529
1692988200000,28.04,81.87,3.01,99.94,4.9745
1693074600000,27.48,80.71,3.35,100.07,4.2257
1693161000000,27.46,80.49,3.38,100.04,4.1986
1693247400000,27.61,80.29,2.29,100.12,4.2463
1693333800000,27.84,79.04,2.04,100.28,4.9771
1693420200000,28.27,78.06,1.68,100.3,5.7149
1693506600000,28.36,74.88,1.29,100.3,6.3696
1693593000000,28.17,75.94,1.35,100.23,6.4639
1693679400000,28.27,76.67,1.92,100.1,5.6292
1693765800000,28.12,72.0,1.94,100.0,6.6446
1693852200000,28.47,71.89,1.97,99.98,6.4536
1693938600000,29.34,74.72,2.96,99.88,6.234
1694025000000,29.8,75.96,2.85,99.78,5.2248
1694111400000,29.75,75.42,3.23,99.81,4.909
1694197800000,28.96,76.25,3.34,99.83,5.4734
1694284200000,28.99,75.98,3.01,99.78,4.9306
1694370600000,28.39,76.51,3.15,99.89,6.013
1694457000000,28.38,75.8,2.46,100.0,5.4749
1694543400000,28.66,74.39,2.17,99.94,4.3231
1694629800000,28.17,76.06,1.67,100.02,4.2905
1694716200000,26.49,84.98,2.4,100.03,3.437
1694802600000,26.68,84.79,3.6,99.88,2.9827
1694889000000,26.61,90.71,4.74,99.62,1.5194
1694975400000,26.13,93.2,3.73,99.62,1.1352
1695061800000,26.62,91.24,3.92,99.83,2.1593
1695148200000,27.44,87.53,2.56,100.02,4.2869
1695234600000,27.85,87.25,1.91,100.09,5.6069
1695321000000,28.26,85.46,1.82,100.15,5.4062
1695407400000,28.44,85.75,1.88,100.17,4.6142
1695493800000,28.31,86.58,1.68,100.15,4.7573
1695580200000,28.34,82.88,1.53,100.15,4.9126
1695666600000,28.38,81.39,1.05,100.19,5.1533
1695753000000,28.05,82.55,1.5,100.19,5.0998
1695839400000,29.23,79.5,0.97,100.12,4.5449
1695925800000,29.02,78.1,0.9,100.13,5.61
1696012200000,28.97,78.19,1.24,100.11,6.0737
1696098600000,28.29,72.79,1.69,100.05,6.2741
1696185000000,27.59,64.16,1.02,100.18,6.2484
1696271400000,26.58,64.31,1.53,100.4,6.395
1696357800000,25.73,72.99,1.61,100.49,6.3845
1696444200000,25.65,72.51,1.37,100.46,6.4615
1696530600000,25.77,75.49,1.45,100.38,6.3156
1696617000000,25.92,78.56,1.14,100.47,6.1831
1696703400000,26.24,76.98,1.13,100.56,6.2532
1696789800000,26.51,73.83,1.38,100.65,6.1145
1696876200000,25.53,77.19,1.35,100.68,6.0739
1696962600000,26.29,75.8,0.91,100.68,6.0643
1697049000000,26.72,72.65,0.81,100.73,6.0818
1697135400000,27.65,68.43,0.76,100.78,5.7341
1697221800000,28.18,71.41,0.73,100.74,5.2589
1697308200000,27.55,69.95,1.49,100.61,5.1881
1697394600000,27.11,69.69,1.08,100.63,5.497
1697481000000,26.28,70.84,1.12,100.76,5.3633
1697567400000,26.59,68.08,1.13,100.89,5.5591
1697653800000,26.57,63.63,1.17,100.84,5.5742
1697740200000,26.67,63.23,1.52,100.85,5.4211
1697826600000,27.07,63.77,1.51,100.89,5.1437
1697913000000,27.33,60.32,1.09,100.91,5.2495
1697999400000,26.91,55.63,1.46,100.82,5.0155
1698085800000,26.98,54.37,1.22,100.76,5.3628
1698172200000,26.77,52.43,1.42,100.91,5.3782
1698258600000,27.72,45.29,0.83,100.92,5.3542
1698345000000,28.23,40.79,0.74,100.78,5.5946
1698431400000,26.51,50.11,1.2,100.77,4.8434
1698517800000,27.19,50.97,1.35,100.76,5.2346
1698604200000,26.36,53.91,1.69,100.72,5.1067
1698690600000,25.33,62.2,2.26,100.82,4.8067
1698777000000,26.26,58.89,1.52,100.88,4.8977
1698863400000,26.69,54.25,1.31,100.82,4.8778
1698949800000,27.5,45.6,0.87,100.65,4.7035
1699036200000,27.24,44.58,1.22,100.62,4.4102
1699122600000,26.22,47.97,1.52,100.75,4.4323
1699209000000,25.56,51.23,1.7,100.87,3.8921
1699295400000,25.52,49.61,1.6,100.87,4.4213
1699381800000,25.81,49.74,1.53,100.78,4.4976
1699468200000,26.36,48.86,1.14,100.81,4.1162
1699554600000,26.56,49.27,1.0,100.92,4.3555
1699641000000,25.53,44.98,1.75,101.1,5.1578
1699727400000,23.1,40.05,2.11,101.16,5.2214
1699813800000,22.97,43.94,1.79,101.06,4.2554
1699900200000,23.35,46.45,1.89,100.96,4.3176
1699986600000,22.69,47.19,2.06,100.95,4.4566
1700073000000,22.81,48.08,1.96,100.99,4.1724
1700159400000,21.99,50.77,2.05,101.01,3.9168
1700245800000,22.16,51.71,1.82,100.9,3.895
1700332200000,23.46,53.6,1.54,100.87,3.8729
1700418600000,24.86,56.72,1.57,100.91,3.6449
1700505000000,24.92,53.49,1.85,100.94,3.7018
1700591400000,23.6,47.17,1.26,100.85,4.0154
1700677800000,22.75,44.58,1.33,100.68,4.4292
1700764200000,23.08,46.51,2.36,100.73,4.1635
1700850600000,23.96,50.5,2.7,100.84,3.6763
1700937000000,22.01,69.76,2.76,100.81,1.0956
1701023400000,20.37,72.18,1.8,100.75,2.5015
1701109800000,20.18,68.36,1.69,100.74,3.919
1701196200000,20.61,65.64,1.68,100.77,4.2667
1701282600000,21.57,59.52,1.56,100.81,4.1683
1701369000000,22.96,66.85,2.43,100.79,3.3554
1701455400000,23.93,66.85,2.92,100.79,3.3682
1701541800000,23.71,74.59,2.51,100.87,3.0144
1701628200000,23.11,69.38,2.39,100.84,3.5518
1701714600000,21.32,60.26,2.57,100.8,4.2914
1701801000000,21.92,58.61,2.62,100.82,3.8489
1701887400000,21.4,62.0,2.19,100.87,3.5909
1701973800000,21.68,63.72,1.66,100.88,3.8388
1702060200000,21.29,55.21,1.32,101.0,4.2886
1702146600000,20.53,48.94,1.54,100.88,4.4093
1702233000000,20.03,52.62,1.37,100.85,4.4556
1702319400000,19.91,46.42,1.34,100.75,4.2912
1702405800000,20.33,49.14,1.67,100.87,4.3157
1702492200000,21.16,55.74,1.93,100.96,4.3142
1702578600000,21.91,57.21,1.64,101.01,3.823
1702665000000,21.29,54.07,1.71,101.0,3.7159
1702751400000,20.25,47.99,1.87,101.04,4.3289
1702837800000,20.45,47.62,2.63,101.22,4.374
1702924200000,19.44,46.06,3.02,101.31,4.248
1703010600000,18.2,41.85,2.67,101.24,3.5906
1703097000000,18.95,42.11,2.39,101.07,3.5662
1703183400000,20.56,41.8,2.07,100.94,3.7639
1703269800000,20.8,43.62,1.8,101.04,4.3423
1703356200000,21.48,44.25,1.75,101.19,4.3416
1703442600000,21.34,47.68,1.72,101.15,4.0603
1703529000000,20.83,48.51,1.58,101.1,3.9432
1703615400000,21.09,51.91,1.37,101.15,3.5023
1703701800000,21.9,52.67,1.87,101.01,3.5683
1703788200000,21.98,55.02,1.55,100.96,3.4774
1703874600000,21.83,57.99,1.64,100.91,3.6358
1703961000000,21.36,50.4,1.67,100.9,3.7248
1704047400000,20.36,51.12,1.41,100.93,3.5275
1704133800000,19.6,55.34,1.75,100.87,3.33
1704220200000,19.34,48.51,1.86,100.85,4.0056
1704306600000,19.12,52.06,2.36,100.88,4.1381
1704393000000,18.38,46.87,2.24,100.95,4.3733
1704479400000,18.78,49.4,2.56,101.02,4.3968
1704565800000,19.9,50.02,2.39,101.01,3.6864
1704652200000,21.57,58.81,1.99,101.01,2.9014
1704738600000,22.37,45.23,2.6,101.05,3.4824
1704825000000,21.71,56.42,2.16,101.03,3.9324
1704911400000,21.9,49.76,1.39,101.08,4.4657
1704997800000,22.15,41.87,1.63,100.99,4.5605
1705084200000,21.61,36.41,1.76,101.0,4.8091
1705170600000,18.8,30.51,1.81,101.08,4.9483
1705257000000,18.46,31.74,1.45,100.99,4.8982
1705343400000,18.42,35.55,1.45,100.76,4.8367
1705429800000,19.74,39.06,1.2,100.68,4.5545
1705516200000,19.32,34.47,1.78,100.86,4.5319
1705602600000,19.03,38.38,1.93,100.94,4.6838
1705689000000,18.74,34.78,2.15,101.06,4.6656
1705775400000,19.44,34.58,2.03,101.14,4.8564
1705861800000,19.82,34.56,1.85,101.14,4.8266
1705948200000,19.77,35.0,1.71,101.12,4.9925
1706034600000,19.03,35.49,1.53,101.12,5.0604
1706121000000,19.71,31.9,1.74,101.21,4.6992
1706207400000,19.86,31.23,1.67,101.3,4.9207
1706293800000,21.19,29.01,1.64,101.24,4.4482
1706380200000,21.32,29.41,1.58,101.1,4.5456
1706466600000,20.87,38.8,1.59,101.14,4.2394
1706553000000,21.86,38.13,1.25,100.99,4.3481
1706639400000,22.06,49.2,1.37,100.92,3.6629
1706725800000,23.75,53.33,1.32,100.95,4.6567
1706812200000,24.0,40.94,0.93,101.09,5.1005
1706898600000,24.81,33.63,1.29,101.06,4.7894
1706985000000,25.21,40.86,1.85,101.05,4.908
1707071400000,23.79,50.94,1.85,101.09,4.8024
1707157800000,23.77,35.66,1.5,101.11,4.8811
1707244200000,23.66,35.01,2.26,101.29,4.5924
1707330600000,21.57,27.37,2.58,101.32,5.1446
1707417000000,20.76,19.66,1.94,101.17,5.423
1707503400000,21.07,19.93,1.95,101.23,5.73
1707589800000,21.37,20.7,1.99,101.21,5.2246
1707676200000,21.64,20.91,1.85,101.1,4.4923
1707762600000,21.81,17.62,1.98,101.1,4.1086
1707849000000,22.05,17.9,2.47,101.11,4.9829
1707935400000,23.13,26.57,2.46,101.05,4.8492
1708021800000,24.89,30.81,2.49,101.05,5.13
1708108200000,26.09,23.36,1.84,100.8,5.4972
1708194600000,25.66,20.77,1.89,100.62,5.8807
1708281000000,25.8,34.75,2.64,100.62,5.574
1708367400000,26.45,47.87,2.37,100.65,5.6945
1708453800000,24.55,52.68,2.95,100.62,5.7754
1708540200000,23.9,48.63,2.45,100.76,5.6498
1708626600000,22.33,16.83,1.78,100.88,6.4056
1708713000000,21.45,11.38,2.17,100.87,6.4714
1708799400000,22.36,10.66,2.17,100.81,5.9618
1708885800000,24.07,22.1,2.16,100.67,4.0471
1708972200000,26.57,25.42,1.89,100.75,4.9742
1709058600000,26.46,25.69,1.96,100.75,5.8284
1709145000000,28.69,22.67,1.67,100.62,6.0838
1709231400000,28.8,30.91,2.67,100.55,5.4245
1709317800000,25.3,52.92,3.16,100.59,3.6238
1709404200000,19.04,24.33,2.97,100.85,6.5563
1709490600000,19.01,18.31,1.7,101.0,6.6485
1709577000000,20.51,15.11,2.12,100.93,6.6797
1709663400000,22.98,18.39,2.14,100.84,6.4176
1709749800000,24.18,27.03,2.18,100.82,6.4097
1709836200000,24.41,22.77,2.52,100.9,6.4634
1709922600000,24.33,17.01,1.98,100.82,6.7152
1710009000000,26.06,21.17,2.06,100.81,6.2866
1710095400000,27.48,22.41,2.14,100.95,6.359
1710181800000,27.33,31.12,2.4,100.88,6.5285
1710268200000,26.86,35.0,3.04,100.73,6.3905
1710354600000,26.17,29.42,2.04,100.78,6.3336
1710441000000,26.48,18.69,1.2,100.68,6.5906
1710527400000,27.37,21.68,1.62,100.63,6.5834
1710613800000,27.88,21.28,2.3,100.61,6.4015
1710700200000,27.39,19.8,2.25,100.64,6.6506
1710786600000,28.85,13.61,2.0,100.63,6.4483
1710873000000,29.12,19.16,1.74,100.57,6.8119
1710959400000,29.41,13.85,1.59,100.44,5.8164
1711045800000,29.51,19.76,1.95,100.33,6.9732
1711132200000,29.42,24.82,1.68,100.34,6.8861
1711218600000,30.64,34.39,2.18,100.46,6.6542
1711305000000,31.08,34.79,1.54,100.57,6.4514
1711391400000,33.02,25.55,1.4,100.5,6.3991
1711477800000,33.27,27.39,1.71,100.63,6.623
1711564200000,33.06,27.26,2.73,100.5,6.5789
1711650600000,31.89,22.33,2.82,100.44,6.2448
1711737000000,30.37,30.67,2.58,100.63,6.7814
1711823400000,29.3,25.42,2.4,100.72,7.1983
1711909800000,30.57,21.5,2.25,100.39,6.6775
1711996200000,29.68,21.43,2.33,100.29,5.3978
1712082600000,29.98,34.95,2.43,100.37,6.5522
1712169000000,29.94,36.24,2.09,100.45,4.0284
1712255400000,31.09,28.37,3.09,100.43,4.4263
1712341800000,30.9,28.08,2.82,100.32,6.5918
1712428200000,31.11,27.92,2.08,100.21,6.9391
1712514600000,32.98,22.89,1.23,100.24,7.1422
1712601000000,33.75,15.76,1.05,100.22,6.7226
1712687400000,33.09,16.78,1.36,100.23,5.7852
1712773800000,33.12,21.17,1.78,100.31,5.665
1712860200000,31.75,26.13,2.57,100.28,6.341
1712946600000,30.98,35.83,1.66,100.35,6.6876
1713033000000,33.2,37.34,1.89,100.45,5.9748
1713119400000,34.77,30.99,2.75,100.53,6.7236
1713205800000,34.82,25.32,3.62,100.46,7.2574
1713292200000,36.4,22.11,2.33,100.22,6.4733
1713378600000,34.84,23.61,2.8,100.19,6.9586
1713465000000,33.27,31.63,4.02,100.07,7.0457
1713551400000,31.58,32.18,3.14,100.14,7.3421
1713637800000,30.72,34.59,2.49,100.2,6.5263
1713724200000,31.88,33.82,2.36,100.23,7.3685
1713810600000,32.45,31.67,2.48,100.12,7.295
1713897000000,33.68,26.01,1.38,100.0,7.3627
1713983400000,34.35,29.2,2.18,100.03,7.2883
1714069800000,33.24,29.51,3.08,100.11,7.3886
1714156200000,33.93,25.92,2.35,100.15,6.5357
1714242600000,34.47,18.69,2.7,100.17,7.6162
1714329000000,33.94,23.78,3.34,100.23,7.2353
1714415400000,33.11,9.34,2.9,100.12,7.3656
1714501800000,32.2,10.19,3.06,99.9,8.0568
1714588200000,32.16,11.73,1.66,99.96,7.8658
1714674600000,32.98,15.47,2.13,100.07,7.8898
1714761000000,33.84,34.52,3.26,100.16,6.2254
1714847400000,32.85,33.5,3.74,100.04,5.3712
1714933800000,33.99,40.06,2.47,100.01,7.291
1715020200000,35.76,34.97,2.38,100.03,7.5041
1715106600000,36.51,26.39,2.98,100.0,7.2778
1715193000000,36.11,32.42,3.05,99.99,7.4369
1715279400000,35.78,33.41,3.43,100.12,7.3714
1715365800000,35.16,37.06,2.45,100.3,7.1789
1715452200000,35.81,36.74,2.27,100.27,7.147
1715538600000,36.55,31.54,2.27,100.24,6.594
1715625000000,36.07,34.14,1.04,100.31,6.3571
1715711400000,37.38,27.16,1.18,100.26,6.42
1715797800000,37.66,25.64,1.48,100.19,7.0591
1715884200000,38.33,23.52,3.61,99.98,7.2521
1715970600000,38.19,21.14,3.0,99.79,7.2146
1716057000000,38.61,20.25,4.08,99.62,6.8522
1716143400000,38.3,23.21,4.46,99.67,7.1477
1716229800000,38.48,24.34,3.44,99.69,7.4503
1716316200000,38.88,28.59,3.1,99.57,7.0927
1716402600000,38.73,26.16,4.08,99.42,7.5206
1716489000000,38.17,30.44,4.38,99.39,7.356
1716575400000,37.74,33.3,3.52,99.43,7.4868
1716661800000,38.14,34.73,4.41,99.51,7.1386
1716748200000,37.73,35.81,5.56,99.4,7.3308
1716834600000,36.36,43.22,5.77,99.42,6.8004
1716921000000,35.74,48.89,5.43,99.47,6.3197
1717007400000,36.62,42.44,3.67,99.65,7.2871
1717093800000,36.4,42.26,3.96,99.79,7.7018
1717180200000,36.5,41.68,4.13,99.8,7.2367
1717266600000,35.88,39.13,3.04,99.9,7.5012
1717353000000,36.86,36.96,3.08,99.87,7.435
1717439400000,36.61,36.13,3.49,99.92,7.3188
1717525800000,35.6,38.08,3.91,99.99,7.5845
1717612200000,36.01,39.04,3.16,100.06,7.4702
1717698600000,37.55,38.57,3.48,99.83,7.2062
1717785000000,36.71,38.37,3.35,99.74,7.349
1717871400000,36.51,36.41,3.5,99.72,7.195
1717957800000,35.64,39.15,3.46,99.82,5.4814
1718044200000,32.47,53.88,3.42,99.94,6.7927
1718130600000,34.87,44.94,3.38,99.9,7.2413
1718217000000,35.23,41.67,3.84,99.86,7.7465
1718303400000,35.45,43.12,4.2,99.78,7.7023
1718389800000,35.96,42.53,4.04,99.74,7.2077
1718476200000,35.02,49.65,3.9,99.79,6.7855
1718562600000,35.59,48.43,3.93,99.81,7.0721
1718649000000,35.57,45.34,4.46,99.68,6.1939
1718735400000,35.56,48.07,5.44,99.41,5.1974
1718821800000,35.16,50.44,5.17,99.33,6.198
1718908200000,35.9,48.04,4.36,99.42,5.4096
1718994600000,36.02,45.57,2.88,99.39,5.8822
1719081000000,36.09,44.27,1.92,99.35,3.8213
1719167400000,34.3,56.74,1.8,99.24,3.815
1719253800000,32.52,67.3,1.89,99.19,5.1094
1719340200000,31.79,68.34,2.51,99.16,5.6681
1719426600000,33.38,63.39,2.23,99.22,4.3102
1719513000000,31.67,70.51,3.73,99.3,4.8787
1719599400000,31.35,71.72,4.6,99.42,5.0333
1719685800000,30.01,81.08,3.89,99.48,3.3902
1719772200000,29.7,82.06,4.01,99.23,4.2322
1719858600000,29.91,79.05,4.29,99.15,1.8485
1719945000000,31.56,70.55,4.25,99.33,4.3601
1720031400000,31.35,71.18,3.27,99.48,3.3185
1720117800000,29.69,78.78,3.07,99.37,2.9201
1720204200000,31.45,71.79,3.69,99.18,3.6396
1720290600000,31.67,68.67,3.62,99.32,3.5873
1720377000000,31.77,66.92,2.07,99.49,5.1504
1720463400000,31.59,70.99,1.92,99.57,4.9646
1720549800000,30.75,74.63,3.2,99.78,5.215
1720636200000,30.98,73.17,3.33,99.69,4.9186
1720722600000,30.74,73.06,4.24,99.46,4.5108
1720809000000,31.74,67.06,4.07,99.36,5.1185
1720895400000,32.08,66.22,3.09,99.31,6.0269
1720981800000,31.31,72.64,2.39,99.37,3.1454
1721068200000,31.06,74.81,2.66,99.31,4.7134
1721154600000,29.8,78.95,2.89,99.41,4.1935
1721241000000,31.19,75.46,2.33,99.32,5.4415
1721327400000,30.45,80.0,2.83,99.11,4.5912
1721413800000,31.15,76.67,3.02,99.23,5.1173
1721500200000,31.55,72.66,2.79,99.3,4.891
1721586600000,30.73,77.65,3.71,99.38,4.752
1721673000000,29.46,80.53,4.06,99.42,3.9842
1721759400000,28.91,84.65,4.34,99.21,3.4015
1721845800000,28.84,82.62,3.99,99.17,3.1603
1721932200000,28.48,85.44,3.46,99.28,3.0346
1722018600000,28.9,82.66,3.19,99.42,1.9349
1722105000000,28.45,85.04,2.72,99.27,3.3026
1722191400000,29.2,84.46,3.56,99.05,1.0829
1722277800000,28.85,81.77,4.02,99.38,3.4342
1722364200000,29.65,80.46,3.15,99.67,3.8498
1722450600000,27.81,87.11,3.55,99.59,2.9904
1722537000000,27.79,87.98,3.9,99.43,1.9267
1722623400000,28.05,87.88,3.78,99.44,2.7766
1722709800000,27.7,87.38,3.53,99.59,2.6304
1722796200000,28.3,83.65,3.3,99.74,3.1097
1722882600000,28.39,80.97,3.94,99.73,2.8814
1722969000000,28.0,82.31,3.56,99.82,2.7871
1723055400000,28.4,81.65,3.21,99.91,4.0238
1723141800000,28.22,83.51,3.02,100.03,3.0662
1723228200000,28.11,83.7,3.42,99.99,3.257
1723314600000,27.8,85.2,3.56,99.79,2.6287
1723401000000,28.22,85.21,3.0,99.84,2.5937
1723487400000,28.98,82.15,2.42,99.94,4.5487
1723573800000,28.86,83.17,2.18,99.98,4.7249
1723660200000,29.08,81.82,2.33,99.87,3.6158
1723746600000,28.73,82.74,2.85,99.74,3.9586
1723833000000,28.53,81.84,2.75,99.92,5.4115
1723919400000,29.09,78.35,1.79,100.06,5.2786
1724005800000,29.66,72.8,1.24,99.96,5.9311
1724092200000,29.73,76.96,2.03,99.94,5.4089
1724178600000,29.68,78.81,1.29,100.0,4.8214
1724265000000,30.08,77.05,0.9,99.93,4.1532
1724351400000,28.57,85.62,1.34,99.96,2.8042
1724437800000,27.82,88.4,2.81,99.9,2.8586
1724524200000,27.39,89.94,3.8,99.6,2.8541
1724610600000,26.68,93.49,5.99,99.16,2.754
1724697000000,26.43,93.7,6.51,99.15,1.4304
1724783400000,27.54,87.87,5.85,99.4,2.7936
1724869800000,27.61,88.29,5.65,99.43,3.6528
1724956200000,27.7,87.45,3.76,99.86,5.4125
1725042600000,28.1,82.74,1.09,100.1,6.2486
1725129000000,28.41,84.84,1.34,100.04,5.3546
1725215400000,27.4,91.5,2.76,99.88,2.7521
1725301800000,26.93,92.89,3.01,99.86,2.3906
1725388200000,27.39,87.71,2.75,99.94,3.3262
1725474600000,27.04,90.04,2.6,99.77,1.6589
1725561000000,27.77,88.23,2.78,99.9,4.6322
1725647400000,27.6,86.95,2.31,100.01,5.3069
1725733800000,27.57,87.66,2.19,100.04,3.3737
1725820200000,27.85,87.28,2.35,99.8,5.2675
1725906600000,27.64,87.97,2.86,99.69,3.2921
1725993000000,27.19,87.71,2.61,99.79,3.3072
1726079400000,27.27,86.33,2.83,99.91,4.17
1726165800000,26.59,86.43,2.74,100.01,4.1904
1726252200000,26.3,86.18,2.36,100.01,5.1749
1726338600000,26.39,84.92,2.12,100.12,5.5956
1726425000000,26.43,84.39,1.85,100.25,6.1445
1726511400000,26.53,83.28,1.62,100.25,6.1759
1726597800000,26.54,84.96,1.95,100.04,5.5325
1726684200000,26.98,83.66,2.02,100.07,5.9261
1726770600000,27.42,84.91,2.07,100.06,5.2488
1726857000000,27.69,86.54,2.0,100.18,5.1442
1726943400000,27.92,86.24,1.71,100.16,5.5579
1727029800000,28.08,87.37,2.07,100.08,5.7634
1727116200000,28.68,85.67,2.31,99.91,5.3796
1727202600000,28.51,86.17,2.0,99.8,4.746
1727289000000,28.1,89.78,1.95,99.74,3.8014
1727375400000,27.05,89.67,1.34,99.78,3.4946
1727461800000,27.38,90.6,0.96,100.01,3.4066
1727548200000,27.08,91.46,1.52,100.33,3.3977
1727634600000,27.46,89.51,1.59,100.43,4.8554
1727721000000,28.18,84.86,1.44,100.28,5.8778
1727807400000,28.13,85.87,1.54,100.29,5.9268
1727893800000,27.16,86.17,1.8,100.25,6.2242
1727980200000,26.21,86.14,1.82,100.28,5.5207
1728066600000,26.77,84.05,1.36,100.4,5.7178
1728153000000,27.5,80.45,1.18,100.53,5.8015
1728239400000,27.21,78.94,1.86,100.62,5.9383
1728325800000,27.78,77.25,1.17,100.65,5.676
1728412200000,27.67,79.12,1.1,100.46,5.6304
1728498600000,26.82,85.16,1.22,100.38,2.5582
1728585000000,25.49,87.18,2.23,100.38,2.2027
1728671400000,25.51,89.41,1.98,100.41,2.7838
1728757800000,25.89,93.01,2.02,100.41,4.3714
1728844200000,26.8,88.64,1.31,100.5,4.4314
1728930600000,27.38,86.93,1.31,100.51,4.7126
1729017000000,26.52,83.45,1.17,100.46,5.4802
1729103400000,26.49,75.89,1.03,100.42,5.3914
1729189800000,27.13,85.36,1.33,100.38,5.148
1729276200000,26.42,87.4,1.06,100.54,4.8259
1729362600000,26.93,83.33,1.11,100.59,4.9985
1729449000000,26.43,84.75,1.34,100.63,4.5984
1729535400000,26.75,82.21,0.97,100.63,4.758
1729621800000,26.99,78.83,1.28,100.65,4.8578
1729708200000,26.89,72.04,1.09,100.63,5.1737
1729794600000,25.98,68.44,1.09,100.58,5.3342
1729881000000,26.13,66.9,0.84,100.58,5.3923
1729967400000,25.42,75.63,1.26,100.4,5.3196
1730053800000,25.69,79.25,0.94,100.25,5.0575
1730140200000,26.85,74.1,0.78,100.37,5.0254
1730226600000,26.95,70.13,0.77,100.54,5.1986
1730313000000,26.78,62.68,1.1,100.68,5.2099
1730399400000,26.03,59.2,1.05,100.79,5.4012
1730485800000,25.51,55.49,0.67,100.81,5.471
1730572200000,25.79,59.8,0.67,100.83,5.3412
1730658600000,25.72,64.55,1.12,100.71,5.3232
1730745000000,25.96,63.07,0.88,100.79,5.0539
1730831400000,25.31,65.58,1.07,100.89,4.8605
1730917800000,25.45,64.37,0.79,100.83,4.884
1731004200000,25.59,64.39,0.74,100.81,5.0892
1731090600000,25.28,61.08,1.17,100.81,5.0225
1731177000000,24.98,59.2,0.85,100.86,5.0671
1731263400000,25.2,57.5,0.69,100.84,4.7506
1731349800000,24.33,62.07,0.98,100.8,4.6637
1731436200000,23.11,72.71,1.31,100.69,4.5108
1731522600000,21.54,75.75,1.87,100.79,4.357
1731609000000,21.97,69.55,1.25,100.85,4.4158
1731695400000,22.38,65.67,1.24,100.76,4.4326
1731781800000,21.74,69.04,1.54,100.78,4.5379
1731868200000,22.07,67.84,1.42,100.88,4.5578
1731954600000,22.44,64.43,1.1,100.98,4.5149
1732041000000,21.41,65.16,1.23,100.93,4.6488
1732127400000,20.54,60.39,1.31,100.91,4.5062
1732213800000,19.0,62.18,1.62,100.86,4.2787
1732300200000,18.41,67.49,1.61,100.9,4.1803
1732386600000,19.14,71.45,1.58,100.94,4.1155
1732473000000,19.63,66.0,1.75,100.96,4.4772
1732559400000,19.92,61.85,1.59,100.96,4.5266
1732645800000,20.67,62.06,1.24,100.88,4.5319
1732732200000,20.44,64.2,1.58,100.9,4.5101
1732818600000,18.97,68.91,1.98,100.97,4.4383
1732905000000,17.23,66.58,2.15,100.85,4.4006
1732991400000,17.75,64.93,2.06,100.64,4.3826
1733077800000,18.83,65.14,2.07,100.61,4.2646
1733164200000,20.13,65.08,2.0,100.76,4.1674
1733250600000,21.51,64.99,2.37,100.82,4.121
1733337000000,21.5,62.55,1.81,100.82,4.4318
1733423400000,20.5,54.28,1.58,100.75,4.3452
1733509800000,19.86,53.12,1.24,100.65,4.5977
1733596200000,17.36,44.22,1.59,100.75,4.891
1733682600000,14.61,46.87,2.2,100.98,4.8588
1733769000000,14.66,57.79,2.47,101.04,4.6368
1733855400000,15.43,57.95,2.3,101.0,4.6464
1733941800000,16.0,55.57,1.63,100.96,4.6027
1734028200000,15.4,54.7,2.78,101.13,4.4666
1734114600000,15.02,53.16,2.54,101.15,4.7309
1734201000000,15.81,53.81,2.14,101.15,4.873
1734287400000,16.84,51.46,1.8,100.99,4.8118
1734373800000,17.45,51.12,1.48,100.84,4.6788
1734460200000,18.21,53.54,1.62,100.74,4.3807
1734546600000,18.56,59.07,1.39,100.65,4.1227
1734633000000,17.39,51.36,1.57,100.69,3.9137
1734719400000,18.3,58.7,1.67,100.69,3.8834
1734805800000,18.84,74.27,1.79,100.67,2.8361
1734892200000,18.64,67.63,1.41,100.76,2.5987
1734978600000,16.43,53.57,1.81,100.9,3.3713
1735065000000,17.51,61.59,1.49,100.98,2.6215
1735151400000,20.4,69.29,1.71,101.07,2.0534
1735237800000,20.63,65.17,1.9,101.13,1.9452
1735324200000,17.82,58.39,1.98,101.17,2.9218
1735410600000,17.56,60.08,2.25,101.23,3.7903
1735497000000,18.24,56.93,1.86,101.21,4.2526
1735583400000,18.99,54.13,1.46,101.2,4.2893
